{
  "eval_loss": 1.2750673294067383,
  "accuracy": 0.59375,
  "f1_macro": 0.5963599083501019,
  "f1_weighted": 0.5963599083501019,
  "per_class": {
    "children": {
      "precision": 0.6403940886699507,
      "recall": 0.65,
      "f1": 0.6451612903225806
    },
    "comics_graphic": {
      "precision": 0.8540540540540541,
      "recall": 0.79,
      "f1": 0.8207792207792208
    },
    "fantasy_paranormal": {
      "precision": 0.38181818181818183,
      "recall": 0.42,
      "f1": 0.4
    },
    "history_biography": {
      "precision": 0.592964824120603,
      "recall": 0.59,
      "f1": 0.5914786967418546
    },
    "mystery_thriller_crime": {
      "precision": 0.5263157894736842,
      "recall": 0.55,
      "f1": 0.5378973105134475
    },
    "poetry": {
      "precision": 0.7525252525252525,
      "recall": 0.745,
      "f1": 0.7487437185929648
    },
    "romance": {
      "precision": 0.625,
      "recall": 0.575,
      "f1": 0.5989583333333334
    },
    "young_adult": {
      "precision": 0.42574257425742573,
      "recall": 0.43,
      "f1": 0.42786069651741293
    }
  }
}